id_date,jour,mois,trimestre,annee,semaine,libelle_jour,libelle_mois,est_weekend,est_ferie_maroc,periode_ramadan
20220101,1,1,1,2022,52,Saturday,January,True,True,False
20220102,2,1,1,2022,52,Sunday,January,True,False,False
20220103,3,1,1,2022,1,Monday,January,False,False,False
20220104,4,1,1,2022,1,Tuesday,January,False,False,False
20220105,5,1,1,2022,1,Wednesday,January,False,False,False
20220106,6,1,1,2022,1,Thursday,January,False,False,False
20220107,7,1,1,2022,1,Friday,January,False,False,False
20220108,8,1,1,2022,1,Saturday,January,True,False,False
20220109,9,1,1,2022,1,Sunday,January,True,False,False
20220110,10,1,1,2022,2,Monday,January,False,False,False
20220111,11,1,1,2022,2,Tuesday,January,False,True,False
20220112,12,1,1,2022,2,Wednesday,January,False,False,False
20220113,13,1,1,2022,2,Thursday,January,False,False,False
20220114,14,1,1,2022,2,Friday,January,False,False,False
20220115,15,1,1,2022,2,Saturday,January,True,False,False
20220116,16,1,1,2022,2,Sunday,January,True,False,False
20220117,17,1,1,2022,3,Monday,January,False,False,False
20220118,18,1,1,2022,3,Tuesday,January,False,False,False
20220119,19,1,1,2022,3,Wednesday,January,False,False,False
20220120,20,1,1,2022,3,Thursday,January,False,False,False
20220121,21,1,1,2022,3,Friday,January,False,False,False
20220122,22,1,1,2022,3,Saturday,January,True,False,False
20220123,23,1,1,2022,3,Sunday,January,True,False,False
20220124,24,1,1,2022,4,Monday,January,False,False,False
20220125,25,1,1,2022,4,Tuesday,January,False,False,False
20220126,26,1,1,2022,4,Wednesday,January,False,False,False
20220127,27,1,1,2022,4,Thursday,January,False,False,False
20220128,28,1,1,2022,4,Friday,January,False,False,False
20220129,29,1,1,2022,4,Saturday,January,True,False,False
20220130,30,1,1,2022,4,Sunday,January,True,False,False
20220131,31,1,1,2022,5,Monday,January,False,False,False
20220201,1,2,1,2022,5,Tuesday,February,False,False,False
20220202,2,2,1,2022,5,Wednesday,February,False,False,False
20220203,3,2,1,2022,5,Thursday,February,False,False,False
20220204,4,2,1,2022,5,Friday,February,False,False,False
20220205,5,2,1,2022,5,Saturday,February,True,False,False
20220206,6,2,1,2022,5,Sunday,February,True,False,False
20220207,7,2,1,2022,6,Monday,February,False,False,False
20220208,8,2,1,2022,6,Tuesday,February,False,False,False
20220209,9,2,1,2022,6,Wednesday,February,False,False,False
20220210,10,2,1,2022,6,Thursday,February,False,False,False
20220211,11,2,1,2022,6,Friday,February,False,False,False
20220212,12,2,1,2022,6,Saturday,February,True,False,False
20220213,13,2,1,2022,6,Sunday,February,True,False,False
20220214,14,2,1,2022,7,Monday,February,False,False,False
20220215,15,2,1,2022,7,Tuesday,February,False,False,False
20220216,16,2,1,2022,7,Wednesday,February,False,False,False
20220217,17,2,1,2022,7,Thursday,February,False,False,False
20220218,18,2,1,2022,7,Friday,February,False,False,False
20220219,19,2,1,2022,7,Saturday,February,True,False,False
20220220,20,2,1,2022,7,Sunday,February,True,False,False
20220221,21,2,1,2022,8,Monday,February,False,False,False
20220222,22,2,1,2022,8,Tuesday,February,False,False,False
20220223,23,2,1,2022,8,Wednesday,February,False,False,False
20220224,24,2,1,2022,8,Thursday,February,False,False,False
20220225,25,2,1,2022,8,Friday,February,False,False,False
20220226,26,2,1,2022,8,Saturday,February,True,False,False
20220227,27,2,1,2022,8,Sunday,February,True,False,False
20220228,28,2,1,2022,9,Monday,February,False,False,False
20220301,1,3,1,2022,9,Tuesday,March,False,False,False
20220302,2,3,1,2022,9,Wednesday,March,False,False,False
20220303,3,3,1,2022,9,Thursday,March,False,False,False
20220304,4,3,1,2022,9,Friday,March,False,False,False
20220305,5,3,1,2022,9,Saturday,March,True,False,False
20220306,6,3,1,2022,9,Sunday,March,True,False,False
20220307,7,3,1,2022,10,Monday,March,False,False,False
20220308,8,3,1,2022,10,Tuesday,March,False,False,False
20220309,9,3,1,2022,10,Wednesday,March,False,False,False
20220310,10,3,1,2022,10,Thursday,March,False,False,False
20220311,11,3,1,2022,10,Friday,March,False,False,False
20220312,12,3,1,2022,10,Saturday,March,True,False,False
20220313,13,3,1,2022,10,Sunday,March,True,False,False
20220314,14,3,1,2022,11,Monday,March,False,False,False
20220315,15,3,1,2022,11,Tuesday,March,False,False,False
20220316,16,3,1,2022,11,Wednesday,March,False,False,False
20220317,17,3,1,2022,11,Thursday,March,False,False,False
20220318,18,3,1,2022,11,Friday,March,False,False,False
20220319,19,3,1,2022,11,Saturday,March,True,False,False
20220320,20,3,1,2022,11,Sunday,March,True,False,False
20220321,21,3,1,2022,12,Monday,March,False,False,False
20220322,22,3,1,2022,12,Tuesday,March,False,False,False
20220323,23,3,1,2022,12,Wednesday,March,False,False,False
20220324,24,3,1,2022,12,Thursday,March,False,False,False
20220325,25,3,1,2022,12,Friday,March,False,False,False
20220326,26,3,1,2022,12,Saturday,March,True,False,False
20220327,27,3,1,2022,12,Sunday,March,True,False,False
20220328,28,3,1,2022,13,Monday,March,False,False,False
20220329,29,3,1,2022,13,Tuesday,March,False,False,False
20220330,30,3,1,2022,13,Wednesday,March,False,False,False
20220331,31,3,1,2022,13,Thursday,March,False,False,False
20220401,1,4,2,2022,13,Friday,April,False,False,False
20220402,2,4,2,2022,13,Saturday,April,True,False,True
20220403,3,4,2,2022,13,Sunday,April,True,False,True
20220404,4,4,2,2022,14,Monday,April,False,False,True
20220405,5,4,2,2022,14,Tuesday,April,False,False,True
20220406,6,4,2,2022,14,Wednesday,April,False,False,True
20220407,7,4,2,2022,14,Thursday,April,False,False,True
20220408,8,4,2,2022,14,Friday,April,False,False,True
20220409,9,4,2,2022,14,Saturday,April,True,False,True
20220410,10,4,2,2022,14,Sunday,April,True,False,True
20220411,11,4,2,2022,15,Monday,April,False,False,True
20220412,12,4,2,2022,15,Tuesday,April,False,False,True
20220413,13,4,2,2022,15,Wednesday,April,False,False,True
20220414,14,4,2,2022,15,Thursday,April,False,False,True
20220415,15,4,2,2022,15,Friday,April,False,False,True
20220416,16,4,2,2022,15,Saturday,April,True,False,True
20220417,17,4,2,2022,15,Sunday,April,True,False,True
20220418,18,4,2,2022,16,Monday,April,False,False,True
20220419,19,4,2,2022,16,Tuesday,April,False,False,True
20220420,20,4,2,2022,16,Wednesday,April,False,False,True
20220421,21,4,2,2022,16,Thursday,April,False,False,True
20220422,22,4,2,2022,16,Friday,April,False,False,True
20220423,23,4,2,2022,16,Saturday,April,True,False,True
20220424,24,4,2,2022,16,Sunday,April,True,False,True
20220425,25,4,2,2022,17,Monday,April,False,False,True
20220426,26,4,2,2022,17,Tuesday,April,False,False,True
20220427,27,4,2,2022,17,Wednesday,April,False,False,True
20220428,28,4,2,2022,17,Thursday,April,False,False,True
20220429,29,4,2,2022,17,Friday,April,False,False,True
20220430,30,4,2,2022,17,Saturday,April,True,False,True
20220501,1,5,2,2022,17,Sunday,May,True,True,True
20220502,2,5,2,2022,18,Monday,May,False,False,False
20220503,3,5,2,2022,18,Tuesday,May,False,False,False
20220504,4,5,2,2022,18,Wednesday,May,False,False,False
20220505,5,5,2,2022,18,Thursday,May,False,False,False
20220506,6,5,2,2022,18,Friday,May,False,False,False
20220507,7,5,2,2022,18,Saturday,May,True,False,False
20220508,8,5,2,2022,18,Sunday,May,True,False,False
20220509,9,5,2,2022,19,Monday,May,False,False,False
20220510,10,5,2,2022,19,Tuesday,May,False,False,False
20220511,11,5,2,2022,19,Wednesday,May,False,False,False
20220512,12,5,2,2022,19,Thursday,May,False,False,False
20220513,13,5,2,2022,19,Friday,May,False,False,False
20220514,14,5,2,2022,19,Saturday,May,True,False,False
20220515,15,5,2,2022,19,Sunday,May,True,False,False
20220516,16,5,2,2022,20,Monday,May,False,False,False
20220517,17,5,2,2022,20,Tuesday,May,False,False,False
20220518,18,5,2,2022,20,Wednesday,May,False,False,False
20220519,19,5,2,2022,20,Thursday,May,False,False,False
20220520,20,5,2,2022,20,Friday,May,False,False,False
20220521,21,5,2,2022,20,Saturday,May,True,False,False
20220522,22,5,2,2022,20,Sunday,May,True,False,False
20220523,23,5,2,2022,21,Monday,May,False,False,False
20220524,24,5,2,2022,21,Tuesday,May,False,False,False
20220525,25,5,2,2022,21,Wednesday,May,False,False,False
20220526,26,5,2,2022,21,Thursday,May,False,False,False
20220527,27,5,2,2022,21,Friday,May,False,False,False
20220528,28,5,2,2022,21,Saturday,May,True,False,False
20220529,29,5,2,2022,21,Sunday,May,True,False,False
20220530,30,5,2,2022,22,Monday,May,False,False,False
20220531,31,5,2,2022,22,Tuesday,May,False,False,False
20220601,1,6,2,2022,22,Wednesday,June,False,False,False
20220602,2,6,2,2022,22,Thursday,June,False,False,False
20220603,3,6,2,2022,22,Friday,June,False,False,False
20220604,4,6,2,2022,22,Saturday,June,True,False,False
20220605,5,6,2,2022,22,Sunday,June,True,False,False
20220606,6,6,2,2022,23,Monday,June,False,False,False
20220607,7,6,2,2022,23,Tuesday,June,False,False,False
20220608,8,6,2,2022,23,Wednesday,June,False,False,False
20220609,9,6,2,2022,23,Thursday,June,False,False,False
20220610,10,6,2,2022,23,Friday,June,False,False,False
20220611,11,6,2,2022,23,Saturday,June,True,False,False
20220612,12,6,2,2022,23,Sunday,June,True,False,False
20220613,13,6,2,2022,24,Monday,June,False,False,False
20220614,14,6,2,2022,24,Tuesday,June,False,False,False
20220615,15,6,2,2022,24,Wednesday,June,False,False,False
20220616,16,6,2,2022,24,Thursday,June,False,False,False
20220617,17,6,2,2022,24,Friday,June,False,False,False
20220618,18,6,2,2022,24,Saturday,June,True,False,False
20220619,19,6,2,2022,24,Sunday,June,True,False,False
20220620,20,6,2,2022,25,Monday,June,False,False,False
20220621,21,6,2,2022,25,Tuesday,June,False,False,False
20220622,22,6,2,2022,25,Wednesday,June,False,False,False
20220623,23,6,2,2022,25,Thursday,June,False,False,False
20220624,24,6,2,2022,25,Friday,June,False,False,False
20220625,25,6,2,2022,25,Saturday,June,True,False,False
20220626,26,6,2,2022,25,Sunday,June,True,False,False
20220627,27,6,2,2022,26,Monday,June,False,False,False
20220628,28,6,2,2022,26,Tuesday,June,False,False,False
20220629,29,6,2,2022,26,Wednesday,June,False,False,False
20220630,30,6,2,2022,26,Thursday,June,False,False,False
20220701,1,7,3,2022,26,Friday,July,False,False,False
20220702,2,7,3,2022,26,Saturday,July,True,False,False
20220703,3,7,3,2022,26,Sunday,July,True,False,False
20220704,4,7,3,2022,27,Monday,July,False,False,False
20220705,5,7,3,2022,27,Tuesday,July,False,False,False
20220706,6,7,3,2022,27,Wednesday,July,False,False,False
20220707,7,7,3,2022,27,Thursday,July,False,False,False
20220708,8,7,3,2022,27,Friday,July,False,False,False
20220709,9,7,3,2022,27,Saturday,July,True,False,False
20220710,10,7,3,2022,27,Sunday,July,True,False,False
20220711,11,7,3,2022,28,Monday,July,False,False,False
20220712,12,7,3,2022,28,Tuesday,July,False,False,False
20220713,13,7,3,2022,28,Wednesday,July,False,False,False
20220714,14,7,3,2022,28,Thursday,July,False,False,False
20220715,15,7,3,2022,28,Friday,July,False,False,False
20220716,16,7,3,2022,28,Saturday,July,True,False,False
20220717,17,7,3,2022,28,Sunday,July,True,False,False
20220718,18,7,3,2022,29,Monday,July,False,False,False
20220719,19,7,3,2022,29,Tuesday,July,False,False,False
20220720,20,7,3,2022,29,Wednesday,July,False,False,False
20220721,21,7,3,2022,29,Thursday,July,False,False,False
20220722,22,7,3,2022,29,Friday,July,False,False,False
20220723,23,7,3,2022,29,Saturday,July,True,False,False
20220724,24,7,3,2022,29,Sunday,July,True,False,False
20220725,25,7,3,2022,30,Monday,July,False,False,False
20220726,26,7,3,2022,30,Tuesday,July,False,False,False
20220727,27,7,3,2022,30,Wednesday,July,False,False,False
20220728,28,7,3,2022,30,Thursday,July,False,False,False
20220729,29,7,3,2022,30,Friday,July,False,False,False
20220730,30,7,3,2022,30,Saturday,July,True,True,False
20220731,31,7,3,2022,30,Sunday,July,True,False,False
20220801,1,8,3,2022,31,Monday,August,False,False,False
20220802,2,8,3,2022,31,Tuesday,August,False,False,False
20220803,3,8,3,2022,31,Wednesday,August,False,False,False
20220804,4,8,3,2022,31,Thursday,August,False,False,False
20220805,5,8,3,2022,31,Friday,August,False,False,False
20220806,6,8,3,2022,31,Saturday,August,True,False,False
20220807,7,8,3,2022,31,Sunday,August,True,False,False
20220808,8,8,3,2022,32,Monday,August,False,False,False
20220809,9,8,3,2022,32,Tuesday,August,False,False,False
20220810,10,8,3,2022,32,Wednesday,August,False,False,False
20220811,11,8,3,2022,32,Thursday,August,False,False,False
20220812,12,8,3,2022,32,Friday,August,False,False,False
20220813,13,8,3,2022,32,Saturday,August,True,False,False
20220814,14,8,3,2022,32,Sunday,August,True,True,False
20220815,15,8,3,2022,33,Monday,August,False,False,False
20220816,16,8,3,2022,33,Tuesday,August,False,False,False
20220817,17,8,3,2022,33,Wednesday,August,False,False,False
20220818,18,8,3,2022,33,Thursday,August,False,False,False
20220819,19,8,3,2022,33,Friday,August,False,False,False
20220820,20,8,3,2022,33,Saturday,August,True,True,False
20220821,21,8,3,2022,33,Sunday,August,True,True,False
20220822,22,8,3,2022,34,Monday,August,False,False,False
20220823,23,8,3,2022,34,Tuesday,August,False,False,False
20220824,24,8,3,2022,34,Wednesday,August,False,False,False
20220825,25,8,3,2022,34,Thursday,August,False,False,False
20220826,26,8,3,2022,34,Friday,August,False,False,False
20220827,27,8,3,2022,34,Saturday,August,True,False,False
20220828,28,8,3,2022,34,Sunday,August,True,False,False
20220829,29,8,3,2022,35,Monday,August,False,False,False
20220830,30,8,3,2022,35,Tuesday,August,False,False,False
20220831,31,8,3,2022,35,Wednesday,August,False,False,False
20220901,1,9,3,2022,35,Thursday,September,False,False,False
20220902,2,9,3,2022,35,Friday,September,False,False,False
20220903,3,9,3,2022,35,Saturday,September,True,False,False
20220904,4,9,3,2022,35,Sunday,September,True,False,False
20220905,5,9,3,2022,36,Monday,September,False,False,False
20220906,6,9,3,2022,36,Tuesday,September,False,False,False
20220907,7,9,3,2022,36,Wednesday,September,False,False,False
20220908,8,9,3,2022,36,Thursday,September,False,False,False
20220909,9,9,3,2022,36,Friday,September,False,False,False
20220910,10,9,3,2022,36,Saturday,September,True,False,False
20220911,11,9,3,2022,36,Sunday,September,True,False,False
20220912,12,9,3,2022,37,Monday,September,False,False,False
20220913,13,9,3,2022,37,Tuesday,September,False,False,False
20220914,14,9,3,2022,37,Wednesday,September,False,False,False
20220915,15,9,3,2022,37,Thursday,September,False,False,False
20220916,16,9,3,2022,37,Friday,September,False,False,False
20220917,17,9,3,2022,37,Saturday,September,True,False,False
20220918,18,9,3,2022,37,Sunday,September,True,False,False
20220919,19,9,3,2022,38,Monday,September,False,False,False
20220920,20,9,3,2022,38,Tuesday,September,False,False,False
20220921,21,9,3,2022,38,Wednesday,September,False,False,False
20220922,22,9,3,2022,38,Thursday,September,False,False,False
20220923,23,9,3,2022,38,Friday,September,False,False,False
20220924,24,9,3,2022,38,Saturday,September,True,False,False
20220925,25,9,3,2022,38,Sunday,September,True,False,False
20220926,26,9,3,2022,39,Monday,September,False,False,False
20220927,27,9,3,2022,39,Tuesday,September,False,False,False
20220928,28,9,3,2022,39,Wednesday,September,False,False,False
20220929,29,9,3,2022,39,Thursday,September,False,False,False
20220930,30,9,3,2022,39,Friday,September,False,False,False
20221001,1,10,4,2022,39,Saturday,October,True,False,False
20221002,2,10,4,2022,39,Sunday,October,True,False,False
20221003,3,10,4,2022,40,Monday,October,False,False,False
20221004,4,10,4,2022,40,Tuesday,October,False,False,False
20221005,5,10,4,2022,40,Wednesday,October,False,False,False
20221006,6,10,4,2022,40,Thursday,October,False,False,False
20221007,7,10,4,2022,40,Friday,October,False,False,False
20221008,8,10,4,2022,40,Saturday,October,True,False,False
20221009,9,10,4,2022,40,Sunday,October,True,False,False
20221010,10,10,4,2022,41,Monday,October,False,False,False
20221011,11,10,4,2022,41,Tuesday,October,False,False,False
20221012,12,10,4,2022,41,Wednesday,October,False,False,False
20221013,13,10,4,2022,41,Thursday,October,False,False,False
20221014,14,10,4,2022,41,Friday,October,False,False,False
20221015,15,10,4,2022,41,Saturday,October,True,False,False
20221016,16,10,4,2022,41,Sunday,October,True,False,False
20221017,17,10,4,2022,42,Monday,October,False,False,False
20221018,18,10,4,2022,42,Tuesday,October,False,False,False
20221019,19,10,4,2022,42,Wednesday,October,False,False,False
20221020,20,10,4,2022,42,Thursday,October,False,False,False
20221021,21,10,4,2022,42,Friday,October,False,False,False
20221022,22,10,4,2022,42,Saturday,October,True,False,False
20221023,23,10,4,2022,42,Sunday,October,True,False,False
20221024,24,10,4,2022,43,Monday,October,False,False,False
20221025,25,10,4,2022,43,Tuesday,October,False,False,False
20221026,26,10,4,2022,43,Wednesday,October,False,False,False
20221027,27,10,4,2022,43,Thursday,October,False,False,False
20221028,28,10,4,2022,43,Friday,October,False,False,False
20221029,29,10,4,2022,43,Saturday,October,True,False,False
20221030,30,10,4,2022,43,Sunday,October,True,False,False
20221031,31,10,4,2022,44,Monday,October,False,False,False
20221101,1,11,4,2022,44,Tuesday,November,False,False,False
20221102,2,11,4,2022,44,Wednesday,November,False,False,False
20221103,3,11,4,2022,44,Thursday,November,False,False,False
20221104,4,11,4,2022,44,Friday,November,False,False,False
20221105,5,11,4,2022,44,Saturday,November,True,False,False
20221106,6,11,4,2022,44,Sunday,November,True,True,False
20221107,7,11,4,2022,45,Monday,November,False,False,False
20221108,8,11,4,2022,45,Tuesday,November,False,False,False
20221109,9,11,4,2022,45,Wednesday,November,False,False,False
20221110,10,11,4,2022,45,Thursday,November,False,False,False
20221111,11,11,4,2022,45,Friday,November,False,False,False
20221112,12,11,4,2022,45,Saturday,November,True,False,False
20221113,13,11,4,2022,45,Sunday,November,True,False,False
20221114,14,11,4,2022,46,Monday,November,False,False,False
20221115,15,11,4,2022,46,Tuesday,November,False,False,False
20221116,16,11,4,2022,46,Wednesday,November,False,False,False
20221117,17,11,4,2022,46,Thursday,November,False,False,False
20221118,18,11,4,2022,46,Friday,November,False,True,False
20221119,19,11,4,2022,46,Saturday,November,True,False,False
20221120,20,11,4,2022,46,Sunday,November,True,False,False
20221121,21,11,4,2022,47,Monday,November,False,False,False
20221122,22,11,4,2022,47,Tuesday,November,False,False,False
20221123,23,11,4,2022,47,Wednesday,November,False,False,False
20221124,24,11,4,2022,47,Thursday,November,False,False,False
20221125,25,11,4,2022,47,Friday,November,False,False,False
20221126,26,11,4,2022,47,Saturday,November,True,False,False
20221127,27,11,4,2022,47,Sunday,November,True,False,False
20221128,28,11,4,2022,48,Monday,November,False,False,False
20221129,29,11,4,2022,48,Tuesday,November,False,False,False
20221130,30,11,4,2022,48,Wednesday,November,False,False,False
20221201,1,12,4,2022,48,Thursday,December,False,False,False
20221202,2,12,4,2022,48,Friday,December,False,False,False
20221203,3,12,4,2022,48,Saturday,December,True,False,False
20221204,4,12,4,2022,48,Sunday,December,True,False,False
20221205,5,12,4,2022,49,Monday,December,False,False,False
20221206,6,12,4,2022,49,Tuesday,December,False,False,False
20221207,7,12,4,2022,49,Wednesday,December,False,False,False
20221208,8,12,4,2022,49,Thursday,December,False,False,False
20221209,9,12,4,2022,49,Friday,December,False,False,False
20221210,10,12,4,2022,49,Saturday,December,True,False,False
20221211,11,12,4,2022,49,Sunday,December,True,False,False
20221212,12,12,4,2022,50,Monday,December,False,False,False
20221213,13,12,4,2022,50,Tuesday,December,False,False,False
20221214,14,12,4,2022,50,Wednesday,December,False,False,False
20221215,15,12,4,2022,50,Thursday,December,False,False,False
20221216,16,12,4,2022,50,Friday,December,False,False,False
20221217,17,12,4,2022,50,Saturday,December,True,False,False
20221218,18,12,4,2022,50,Sunday,December,True,False,False
20221219,19,12,4,2022,51,Monday,December,False,False,False
20221220,20,12,4,2022,51,Tuesday,December,False,False,False
20221221,21,12,4,2022,51,Wednesday,December,False,False,False
20221222,22,12,4,2022,51,Thursday,December,False,False,False
20221223,23,12,4,2022,51,Friday,December,False,False,False
20221224,24,12,4,2022,51,Saturday,December,True,False,False
20221225,25,12,4,2022,51,Sunday,December,True,False,False
20221226,26,12,4,2022,52,Monday,December,False,False,False
20221227,27,12,4,2022,52,Tuesday,December,False,False,False
20221228,28,12,4,2022,52,Wednesday,December,False,False,False
20221229,29,12,4,2022,52,Thursday,December,False,False,False
20221230,30,12,4,2022,52,Friday,December,False,False,False
20221231,31,12,4,2022,52,Saturday,December,True,False,False
20230101,1,1,1,2023,52,Sunday,January,True,True,False
20230102,2,1,1,2023,1,Monday,January,False,False,False
20230103,3,1,1,2023,1,Tuesday,January,False,False,False
20230104,4,1,1,2023,1,Wednesday,January,False,False,False
20230105,5,1,1,2023,1,Thursday,January,False,False,False
20230106,6,1,1,2023,1,Friday,January,False,False,False
20230107,7,1,1,2023,1,Saturday,January,True,False,False
20230108,8,1,1,2023,1,Sunday,January,True,False,False
20230109,9,1,1,2023,2,Monday,January,False,False,False
20230110,10,1,1,2023,2,Tuesday,January,False,False,False
20230111,11,1,1,2023,2,Wednesday,January,False,True,False
20230112,12,1,1,2023,2,Thursday,January,False,False,False
20230113,13,1,1,2023,2,Friday,January,False,False,False
20230114,14,1,1,2023,2,Saturday,January,True,False,False
20230115,15,1,1,2023,2,Sunday,January,True,False,False
20230116,16,1,1,2023,3,Monday,January,False,False,False
20230117,17,1,1,2023,3,Tuesday,January,False,False,False
20230118,18,1,1,2023,3,Wednesday,January,False,False,False
20230119,19,1,1,2023,3,Thursday,January,False,False,False
20230120,20,1,1,2023,3,Friday,January,False,False,False
20230121,21,1,1,2023,3,Saturday,January,True,False,False
20230122,22,1,1,2023,3,Sunday,January,True,False,False
20230123,23,1,1,2023,4,Monday,January,False,False,False
20230124,24,1,1,2023,4,Tuesday,January,False,False,False
20230125,25,1,1,2023,4,Wednesday,January,False,False,False
20230126,26,1,1,2023,4,Thursday,January,False,False,False
20230127,27,1,1,2023,4,Friday,January,False,False,False
20230128,28,1,1,2023,4,Saturday,January,True,False,False
20230129,29,1,1,2023,4,Sunday,January,True,False,False
20230130,30,1,1,2023,5,Monday,January,False,False,False
20230131,31,1,1,2023,5,Tuesday,January,False,False,False
20230201,1,2,1,2023,5,Wednesday,February,False,False,False
20230202,2,2,1,2023,5,Thursday,February,False,False,False
20230203,3,2,1,2023,5,Friday,February,False,False,False
20230204,4,2,1,2023,5,Saturday,February,True,False,False
20230205,5,2,1,2023,5,Sunday,February,True,False,False
20230206,6,2,1,2023,6,Monday,February,False,False,False
20230207,7,2,1,2023,6,Tuesday,February,False,False,False
20230208,8,2,1,2023,6,Wednesday,February,False,False,False
20230209,9,2,1,2023,6,Thursday,February,False,False,False
20230210,10,2,1,2023,6,Friday,February,False,False,False
20230211,11,2,1,2023,6,Saturday,February,True,False,False
20230212,12,2,1,2023,6,Sunday,February,True,False,False
20230213,13,2,1,2023,7,Monday,February,False,False,False
20230214,14,2,1,2023,7,Tuesday,February,False,False,False
20230215,15,2,1,2023,7,Wednesday,February,False,False,False
20230216,16,2,1,2023,7,Thursday,February,False,False,False
20230217,17,2,1,2023,7,Friday,February,False,False,False
20230218,18,2,1,2023,7,Saturday,February,True,False,False
20230219,19,2,1,2023,7,Sunday,February,True,False,False
20230220,20,2,1,2023,8,Monday,February,False,False,False
20230221,21,2,1,2023,8,Tuesday,February,False,False,False
20230222,22,2,1,2023,8,Wednesday,February,False,False,False
20230223,23,2,1,2023,8,Thursday,February,False,False,False
20230224,24,2,1,2023,8,Friday,February,False,False,False
20230225,25,2,1,2023,8,Saturday,February,True,False,False
20230226,26,2,1,2023,8,Sunday,February,True,False,False
20230227,27,2,1,2023,9,Monday,February,False,False,False
20230228,28,2,1,2023,9,Tuesday,February,False,False,False
20230301,1,3,1,2023,9,Wednesday,March,False,False,False
20230302,2,3,1,2023,9,Thursday,March,False,False,False
20230303,3,3,1,2023,9,Friday,March,False,False,False
20230304,4,3,1,2023,9,Saturday,March,True,False,False
20230305,5,3,1,2023,9,Sunday,March,True,False,False
20230306,6,3,1,2023,10,Monday,March,False,False,False
20230307,7,3,1,2023,10,Tuesday,March,False,False,False
20230308,8,3,1,2023,10,Wednesday,March,False,False,False
20230309,9,3,1,2023,10,Thursday,March,False,False,False
20230310,10,3,1,2023,10,Friday,March,False,False,False
20230311,11,3,1,2023,10,Saturday,March,True,False,False
20230312,12,3,1,2023,10,Sunday,March,True,False,False
20230313,13,3,1,2023,11,Monday,March,False,False,False
20230314,14,3,1,2023,11,Tuesday,March,False,False,False
20230315,15,3,1,2023,11,Wednesday,March,False,False,False
20230316,16,3,1,2023,11,Thursday,March,False,False,False
20230317,17,3,1,2023,11,Friday,March,False,False,False
20230318,18,3,1,2023,11,Saturday,March,True,False,False
20230319,19,3,1,2023,11,Sunday,March,True,False,False
20230320,20,3,1,2023,12,Monday,March,False,False,False
20230321,21,3,1,2023,12,Tuesday,March,False,False,False
20230322,22,3,1,2023,12,Wednesday,March,False,False,True
20230323,23,3,1,2023,12,Thursday,March,False,False,True
20230324,24,3,1,2023,12,Friday,March,False,False,True
20230325,25,3,1,2023,12,Saturday,March,True,False,True
20230326,26,3,1,2023,12,Sunday,March,True,False,True
20230327,27,3,1,2023,13,Monday,March,False,False,True
20230328,28,3,1,2023,13,Tuesday,March,False,False,True
20230329,29,3,1,2023,13,Wednesday,March,False,False,True
20230330,30,3,1,2023,13,Thursday,March,False,False,True
20230331,31,3,1,2023,13,Friday,March,False,False,True
20230401,1,4,2,2023,13,Saturday,April,True,False,True
20230402,2,4,2,2023,13,Sunday,April,True,False,True
20230403,3,4,2,2023,14,Monday,April,False,False,True
20230404,4,4,2,2023,14,Tuesday,April,False,False,True
20230405,5,4,2,2023,14,Wednesday,April,False,False,True
20230406,6,4,2,2023,14,Thursday,April,False,False,True
20230407,7,4,2,2023,14,Friday,April,False,False,True
20230408,8,4,2,2023,14,Saturday,April,True,False,True
20230409,9,4,2,2023,14,Sunday,April,True,False,True
20230410,10,4,2,2023,15,Monday,April,False,False,True
20230411,11,4,2,2023,15,Tuesday,April,False,False,True
20230412,12,4,2,2023,15,Wednesday,April,False,False,True
20230413,13,4,2,2023,15,Thursday,April,False,False,True
20230414,14,4,2,2023,15,Friday,April,False,False,True
20230415,15,4,2,2023,15,Saturday,April,True,False,True
20230416,16,4,2,2023,15,Sunday,April,True,False,True
20230417,17,4,2,2023,16,Monday,April,False,False,True
20230418,18,4,2,2023,16,Tuesday,April,False,False,True
20230419,19,4,2,2023,16,Wednesday,April,False,False,True
20230420,20,4,2,2023,16,Thursday,April,False,False,True
20230421,21,4,2,2023,16,Friday,April,False,False,False
20230422,22,4,2,2023,16,Saturday,April,True,False,False
20230423,23,4,2,2023,16,Sunday,April,True,False,False
20230424,24,4,2,2023,17,Monday,April,False,False,False
20230425,25,4,2,2023,17,Tuesday,April,False,False,False
20230426,26,4,2,2023,17,Wednesday,April,False,False,False
20230427,27,4,2,2023,17,Thursday,April,False,False,False
20230428,28,4,2,2023,17,Friday,April,False,False,False
20230429,29,4,2,2023,17,Saturday,April,True,False,False
20230430,30,4,2,2023,17,Sunday,April,True,False,False
20230501,1,5,2,2023,18,Monday,May,False,True,False
20230502,2,5,2,2023,18,Tuesday,May,False,False,False
20230503,3,5,2,2023,18,Wednesday,May,False,False,False
20230504,4,5,2,2023,18,Thursday,May,False,False,False
20230505,5,5,2,2023,18,Friday,May,False,False,False
20230506,6,5,2,2023,18,Saturday,May,True,False,False
20230507,7,5,2,2023,18,Sunday,May,True,False,False
20230508,8,5,2,2023,19,Monday,May,False,False,False
20230509,9,5,2,2023,19,Tuesday,May,False,False,False
20230510,10,5,2,2023,19,Wednesday,May,False,False,False
20230511,11,5,2,2023,19,Thursday,May,False,False,False
20230512,12,5,2,2023,19,Friday,May,False,False,False
20230513,13,5,2,2023,19,Saturday,May,True,False,False
20230514,14,5,2,2023,19,Sunday,May,True,False,False
20230515,15,5,2,2023,20,Monday,May,False,False,False
20230516,16,5,2,2023,20,Tuesday,May,False,False,False
20230517,17,5,2,2023,20,Wednesday,May,False,False,False
20230518,18,5,2,2023,20,Thursday,May,False,False,False
20230519,19,5,2,2023,20,Friday,May,False,False,False
20230520,20,5,2,2023,20,Saturday,May,True,False,False
20230521,21,5,2,2023,20,Sunday,May,True,False,False
20230522,22,5,2,2023,21,Monday,May,False,False,False
20230523,23,5,2,2023,21,Tuesday,May,False,False,False
20230524,24,5,2,2023,21,Wednesday,May,False,False,False
20230525,25,5,2,2023,21,Thursday,May,False,False,False
20230526,26,5,2,2023,21,Friday,May,False,False,False
20230527,27,5,2,2023,21,Saturday,May,True,False,False
20230528,28,5,2,2023,21,Sunday,May,True,False,False
20230529,29,5,2,2023,22,Monday,May,False,False,False
20230530,30,5,2,2023,22,Tuesday,May,False,False,False
20230531,31,5,2,2023,22,Wednesday,May,False,False,False
20230601,1,6,2,2023,22,Thursday,June,False,False,False
20230602,2,6,2,2023,22,Friday,June,False,False,False
20230603,3,6,2,2023,22,Saturday,June,True,False,False
20230604,4,6,2,2023,22,Sunday,June,True,False,False
20230605,5,6,2,2023,23,Monday,June,False,False,False
20230606,6,6,2,2023,23,Tuesday,June,False,False,False
20230607,7,6,2,2023,23,Wednesday,June,False,False,False
20230608,8,6,2,2023,23,Thursday,June,False,False,False
20230609,9,6,2,2023,23,Friday,June,False,False,False
20230610,10,6,2,2023,23,Saturday,June,True,False,False
20230611,11,6,2,2023,23,Sunday,June,True,False,False
20230612,12,6,2,2023,24,Monday,June,False,False,False
20230613,13,6,2,2023,24,Tuesday,June,False,False,False
20230614,14,6,2,2023,24,Wednesday,June,False,False,False
20230615,15,6,2,2023,24,Thursday,June,False,False,False
20230616,16,6,2,2023,24,Friday,June,False,False,False
20230617,17,6,2,2023,24,Saturday,June,True,False,False
20230618,18,6,2,2023,24,Sunday,June,True,False,False
20230619,19,6,2,2023,25,Monday,June,False,False,False
20230620,20,6,2,2023,25,Tuesday,June,False,False,False
20230621,21,6,2,2023,25,Wednesday,June,False,False,False
20230622,22,6,2,2023,25,Thursday,June,False,False,False
20230623,23,6,2,2023,25,Friday,June,False,False,False
20230624,24,6,2,2023,25,Saturday,June,True,False,False
20230625,25,6,2,2023,25,Sunday,June,True,False,False
20230626,26,6,2,2023,26,Monday,June,False,False,False
20230627,27,6,2,2023,26,Tuesday,June,False,False,False
20230628,28,6,2,2023,26,Wednesday,June,False,False,False
20230629,29,6,2,2023,26,Thursday,June,False,False,False
20230630,30,6,2,2023,26,Friday,June,False,False,False
20230701,1,7,3,2023,26,Saturday,July,True,False,False
20230702,2,7,3,2023,26,Sunday,July,True,False,False
20230703,3,7,3,2023,27,Monday,July,False,False,False
20230704,4,7,3,2023,27,Tuesday,July,False,False,False
20230705,5,7,3,2023,27,Wednesday,July,False,False,False
20230706,6,7,3,2023,27,Thursday,July,False,False,False
20230707,7,7,3,2023,27,Friday,July,False,False,False
20230708,8,7,3,2023,27,Saturday,July,True,False,False
20230709,9,7,3,2023,27,Sunday,July,True,False,False
20230710,10,7,3,2023,28,Monday,July,False,False,False
20230711,11,7,3,2023,28,Tuesday,July,False,False,False
20230712,12,7,3,2023,28,Wednesday,July,False,False,False
20230713,13,7,3,2023,28,Thursday,July,False,False,False
20230714,14,7,3,2023,28,Friday,July,False,False,False
20230715,15,7,3,2023,28,Saturday,July,True,False,False
20230716,16,7,3,2023,28,Sunday,July,True,False,False
20230717,17,7,3,2023,29,Monday,July,False,False,False
20230718,18,7,3,2023,29,Tuesday,July,False,False,False
20230719,19,7,3,2023,29,Wednesday,July,False,False,False
20230720,20,7,3,2023,29,Thursday,July,False,False,False
20230721,21,7,3,2023,29,Friday,July,False,False,False
20230722,22,7,3,2023,29,Saturday,July,True,False,False
20230723,23,7,3,2023,29,Sunday,July,True,False,False
20230724,24,7,3,2023,30,Monday,July,False,False,False
20230725,25,7,3,2023,30,Tuesday,July,False,False,False
20230726,26,7,3,2023,30,Wednesday,July,False,False,False
20230727,27,7,3,2023,30,Thursday,July,False,False,False
20230728,28,7,3,2023,30,Friday,July,False,False,False
20230729,29,7,3,2023,30,Saturday,July,True,False,False
20230730,30,7,3,2023,30,Sunday,July,True,True,False
20230731,31,7,3,2023,31,Monday,July,False,False,False
20230801,1,8,3,2023,31,Tuesday,August,False,False,False
20230802,2,8,3,2023,31,Wednesday,August,False,False,False
20230803,3,8,3,2023,31,Thursday,August,False,False,False
20230804,4,8,3,2023,31,Friday,August,False,False,False
20230805,5,8,3,2023,31,Saturday,August,True,False,False
20230806,6,8,3,2023,31,Sunday,August,True,False,False
20230807,7,8,3,2023,32,Monday,August,False,False,False
20230808,8,8,3,2023,32,Tuesday,August,False,False,False
20230809,9,8,3,2023,32,Wednesday,August,False,False,False
20230810,10,8,3,2023,32,Thursday,August,False,False,False
20230811,11,8,3,2023,32,Friday,August,False,False,False
20230812,12,8,3,2023,32,Saturday,August,True,False,False
20230813,13,8,3,2023,32,Sunday,August,True,False,False
20230814,14,8,3,2023,33,Monday,August,False,True,False
20230815,15,8,3,2023,33,Tuesday,August,False,False,False
20230816,16,8,3,2023,33,Wednesday,August,False,False,False
20230817,17,8,3,2023,33,Thursday,August,False,False,False
20230818,18,8,3,2023,33,Friday,August,False,False,False
20230819,19,8,3,2023,33,Saturday,August,True,False,False
20230820,20,8,3,2023,33,Sunday,August,True,True,False
20230821,21,8,3,2023,34,Monday,August,False,True,False
20230822,22,8,3,2023,34,Tuesday,August,False,False,False
20230823,23,8,3,2023,34,Wednesday,August,False,False,False
20230824,24,8,3,2023,34,Thursday,August,False,False,False
20230825,25,8,3,2023,34,Friday,August,False,False,False
20230826,26,8,3,2023,34,Saturday,August,True,False,False
20230827,27,8,3,2023,34,Sunday,August,True,False,False
20230828,28,8,3,2023,35,Monday,August,False,False,False
20230829,29,8,3,2023,35,Tuesday,August,False,False,False
20230830,30,8,3,2023,35,Wednesday,August,False,False,False
20230831,31,8,3,2023,35,Thursday,August,False,False,False
20230901,1,9,3,2023,35,Friday,September,False,False,False
20230902,2,9,3,2023,35,Saturday,September,True,False,False
20230903,3,9,3,2023,35,Sunday,September,True,False,False
20230904,4,9,3,2023,36,Monday,September,False,False,False
20230905,5,9,3,2023,36,Tuesday,September,False,False,False
20230906,6,9,3,2023,36,Wednesday,September,False,False,False
20230907,7,9,3,2023,36,Thursday,September,False,False,False
20230908,8,9,3,2023,36,Friday,September,False,False,False
20230909,9,9,3,2023,36,Saturday,September,True,False,False
20230910,10,9,3,2023,36,Sunday,September,True,False,False
20230911,11,9,3,2023,37,Monday,September,False,False,False
20230912,12,9,3,2023,37,Tuesday,September,False,False,False
20230913,13,9,3,2023,37,Wednesday,September,False,False,False
20230914,14,9,3,2023,37,Thursday,September,False,False,False
20230915,15,9,3,2023,37,Friday,September,False,False,False
20230916,16,9,3,2023,37,Saturday,September,True,False,False
20230917,17,9,3,2023,37,Sunday,September,True,False,False
20230918,18,9,3,2023,38,Monday,September,False,False,False
20230919,19,9,3,2023,38,Tuesday,September,False,False,False
20230920,20,9,3,2023,38,Wednesday,September,False,False,False
20230921,21,9,3,2023,38,Thursday,September,False,False,False
20230922,22,9,3,2023,38,Friday,September,False,False,False
20230923,23,9,3,2023,38,Saturday,September,True,False,False
20230924,24,9,3,2023,38,Sunday,September,True,False,False
20230925,25,9,3,2023,39,Monday,September,False,False,False
20230926,26,9,3,2023,39,Tuesday,September,False,False,False
20230927,27,9,3,2023,39,Wednesday,September,False,False,False
20230928,28,9,3,2023,39,Thursday,September,False,False,False
20230929,29,9,3,2023,39,Friday,September,False,False,False
20230930,30,9,3,2023,39,Saturday,September,True,False,False
20231001,1,10,4,2023,39,Sunday,October,True,False,False
20231002,2,10,4,2023,40,Monday,October,False,False,False
20231003,3,10,4,2023,40,Tuesday,October,False,False,False
20231004,4,10,4,2023,40,Wednesday,October,False,False,False
20231005,5,10,4,2023,40,Thursday,October,False,False,False
20231006,6,10,4,2023,40,Friday,October,False,False,False
20231007,7,10,4,2023,40,Saturday,October,True,False,False
20231008,8,10,4,2023,40,Sunday,October,True,False,False
20231009,9,10,4,2023,41,Monday,October,False,False,False
20231010,10,10,4,2023,41,Tuesday,October,False,False,False
20231011,11,10,4,2023,41,Wednesday,October,False,False,False
20231012,12,10,4,2023,41,Thursday,October,False,False,False
20231013,13,10,4,2023,41,Friday,October,False,False,False
20231014,14,10,4,2023,41,Saturday,October,True,False,False
20231015,15,10,4,2023,41,Sunday,October,True,False,False
20231016,16,10,4,2023,42,Monday,October,False,False,False
20231017,17,10,4,2023,42,Tuesday,October,False,False,False
20231018,18,10,4,2023,42,Wednesday,October,False,False,False
20231019,19,10,4,2023,42,Thursday,October,False,False,False
20231020,20,10,4,2023,42,Friday,October,False,False,False
20231021,21,10,4,2023,42,Saturday,October,True,False,False
20231022,22,10,4,2023,42,Sunday,October,True,False,False
20231023,23,10,4,2023,43,Monday,October,False,False,False
20231024,24,10,4,2023,43,Tuesday,October,False,False,False
20231025,25,10,4,2023,43,Wednesday,October,False,False,False
20231026,26,10,4,2023,43,Thursday,October,False,False,False
20231027,27,10,4,2023,43,Friday,October,False,False,False
20231028,28,10,4,2023,43,Saturday,October,True,False,False
20231029,29,10,4,2023,43,Sunday,October,True,False,False
20231030,30,10,4,2023,44,Monday,October,False,False,False
20231031,31,10,4,2023,44,Tuesday,October,False,False,False
20231101,1,11,4,2023,44,Wednesday,November,False,False,False
20231102,2,11,4,2023,44,Thursday,November,False,False,False
20231103,3,11,4,2023,44,Friday,November,False,False,False
20231104,4,11,4,2023,44,Saturday,November,True,False,False
20231105,5,11,4,2023,44,Sunday,November,True,False,False
20231106,6,11,4,2023,45,Monday,November,False,True,False
20231107,7,11,4,2023,45,Tuesday,November,False,False,False
20231108,8,11,4,2023,45,Wednesday,November,False,False,False
20231109,9,11,4,2023,45,Thursday,November,False,False,False
20231110,10,11,4,2023,45,Friday,November,False,False,False
20231111,11,11,4,2023,45,Saturday,November,True,False,False
20231112,12,11,4,2023,45,Sunday,November,True,False,False
20231113,13,11,4,2023,46,Monday,November,False,False,False
20231114,14,11,4,2023,46,Tuesday,November,False,False,False
20231115,15,11,4,2023,46,Wednesday,November,False,False,False
20231116,16,11,4,2023,46,Thursday,November,False,False,False
20231117,17,11,4,2023,46,Friday,November,False,False,False
20231118,18,11,4,2023,46,Saturday,November,True,True,False
20231119,19,11,4,2023,46,Sunday,November,True,False,False
20231120,20,11,4,2023,47,Monday,November,False,False,False
20231121,21,11,4,2023,47,Tuesday,November,False,False,False
20231122,22,11,4,2023,47,Wednesday,November,False,False,False
20231123,23,11,4,2023,47,Thursday,November,False,False,False
20231124,24,11,4,2023,47,Friday,November,False,False,False
20231125,25,11,4,2023,47,Saturday,November,True,False,False
20231126,26,11,4,2023,47,Sunday,November,True,False,False
20231127,27,11,4,2023,48,Monday,November,False,False,False
20231128,28,11,4,2023,48,Tuesday,November,False,False,False
20231129,29,11,4,2023,48,Wednesday,November,False,False,False
20231130,30,11,4,2023,48,Thursday,November,False,False,False
20231201,1,12,4,2023,48,Friday,December,False,False,False
20231202,2,12,4,2023,48,Saturday,December,True,False,False
20231203,3,12,4,2023,48,Sunday,December,True,False,False
20231204,4,12,4,2023,49,Monday,December,False,False,False
20231205,5,12,4,2023,49,Tuesday,December,False,False,False
20231206,6,12,4,2023,49,Wednesday,December,False,False,False
20231207,7,12,4,2023,49,Thursday,December,False,False,False
20231208,8,12,4,2023,49,Friday,December,False,False,False
20231209,9,12,4,2023,49,Saturday,December,True,False,False
20231210,10,12,4,2023,49,Sunday,December,True,False,False
20231211,11,12,4,2023,50,Monday,December,False,False,False
20231212,12,12,4,2023,50,Tuesday,December,False,False,False
20231213,13,12,4,2023,50,Wednesday,December,False,False,False
20231214,14,12,4,2023,50,Thursday,December,False,False,False
20231215,15,12,4,2023,50,Friday,December,False,False,False
20231216,16,12,4,2023,50,Saturday,December,True,False,False
20231217,17,12,4,2023,50,Sunday,December,True,False,False
20231218,18,12,4,2023,51,Monday,December,False,False,False
20231219,19,12,4,2023,51,Tuesday,December,False,False,False
20231220,20,12,4,2023,51,Wednesday,December,False,False,False
20231221,21,12,4,2023,51,Thursday,December,False,False,False
20231222,22,12,4,2023,51,Friday,December,False,False,False
20231223,23,12,4,2023,51,Saturday,December,True,False,False
20231224,24,12,4,2023,51,Sunday,December,True,False,False
20231225,25,12,4,2023,52,Monday,December,False,False,False
20231226,26,12,4,2023,52,Tuesday,December,False,False,False
20231227,27,12,4,2023,52,Wednesday,December,False,False,False
20231228,28,12,4,2023,52,Thursday,December,False,False,False
20231229,29,12,4,2023,52,Friday,December,False,False,False
20231230,30,12,4,2023,52,Saturday,December,True,False,False
20231231,31,12,4,2023,52,Sunday,December,True,False,False
20240101,1,1,1,2024,1,Monday,January,False,True,False
20240102,2,1,1,2024,1,Tuesday,January,False,False,False
20240103,3,1,1,2024,1,Wednesday,January,False,False,False
20240104,4,1,1,2024,1,Thursday,January,False,False,False
20240105,5,1,1,2024,1,Friday,January,False,False,False
20240106,6,1,1,2024,1,Saturday,January,True,False,False
20240107,7,1,1,2024,1,Sunday,January,True,False,False
20240108,8,1,1,2024,2,Monday,January,False,False,False
20240109,9,1,1,2024,2,Tuesday,January,False,False,False
20240110,10,1,1,2024,2,Wednesday,January,False,False,False
20240111,11,1,1,2024,2,Thursday,January,False,True,False
20240112,12,1,1,2024,2,Friday,January,False,False,False
20240113,13,1,1,2024,2,Saturday,January,True,False,False
20240114,14,1,1,2024,2,Sunday,January,True,False,False
20240115,15,1,1,2024,3,Monday,January,False,False,False
20240116,16,1,1,2024,3,Tuesday,January,False,False,False
20240117,17,1,1,2024,3,Wednesday,January,False,False,False
20240118,18,1,1,2024,3,Thursday,January,False,False,False
20240119,19,1,1,2024,3,Friday,January,False,False,False
20240120,20,1,1,2024,3,Saturday,January,True,False,False
20240121,21,1,1,2024,3,Sunday,January,True,False,False
20240122,22,1,1,2024,4,Monday,January,False,False,False
20240123,23,1,1,2024,4,Tuesday,January,False,False,False
20240124,24,1,1,2024,4,Wednesday,January,False,False,False
20240125,25,1,1,2024,4,Thursday,January,False,False,False
20240126,26,1,1,2024,4,Friday,January,False,False,False
20240127,27,1,1,2024,4,Saturday,January,True,False,False
20240128,28,1,1,2024,4,Sunday,January,True,False,False
20240129,29,1,1,2024,5,Monday,January,False,False,False
20240130,30,1,1,2024,5,Tuesday,January,False,False,False
20240131,31,1,1,2024,5,Wednesday,January,False,False,False
20240201,1,2,1,2024,5,Thursday,February,False,False,False
20240202,2,2,1,2024,5,Friday,February,False,False,False
20240203,3,2,1,2024,5,Saturday,February,True,False,False
20240204,4,2,1,2024,5,Sunday,February,True,False,False
20240205,5,2,1,2024,6,Monday,February,False,False,False
20240206,6,2,1,2024,6,Tuesday,February,False,False,False
20240207,7,2,1,2024,6,Wednesday,February,False,False,False
20240208,8,2,1,2024,6,Thursday,February,False,False,False
20240209,9,2,1,2024,6,Friday,February,False,False,False
20240210,10,2,1,2024,6,Saturday,February,True,False,False
20240211,11,2,1,2024,6,Sunday,February,True,False,False
20240212,12,2,1,2024,7,Monday,February,False,False,False
20240213,13,2,1,2024,7,Tuesday,February,False,False,False
20240214,14,2,1,2024,7,Wednesday,February,False,False,False
20240215,15,2,1,2024,7,Thursday,February,False,False,False
20240216,16,2,1,2024,7,Friday,February,False,False,False
20240217,17,2,1,2024,7,Saturday,February,True,False,False
20240218,18,2,1,2024,7,Sunday,February,True,False,False
20240219,19,2,1,2024,8,Monday,February,False,False,False
20240220,20,2,1,2024,8,Tuesday,February,False,False,False
20240221,21,2,1,2024,8,Wednesday,February,False,False,False
20240222,22,2,1,2024,8,Thursday,February,False,False,False
20240223,23,2,1,2024,8,Friday,February,False,False,False
20240224,24,2,1,2024,8,Saturday,February,True,False,False
20240225,25,2,1,2024,8,Sunday,February,True,False,False
20240226,26,2,1,2024,9,Monday,February,False,False,False
20240227,27,2,1,2024,9,Tuesday,February,False,False,False
20240228,28,2,1,2024,9,Wednesday,February,False,False,False
20240229,29,2,1,2024,9,Thursday,February,False,False,False
20240301,1,3,1,2024,9,Friday,March,False,False,False
20240302,2,3,1,2024,9,Saturday,March,True,False,False
20240303,3,3,1,2024,9,Sunday,March,True,False,False
20240304,4,3,1,2024,10,Monday,March,False,False,False
20240305,5,3,1,2024,10,Tuesday,March,False,False,False
20240306,6,3,1,2024,10,Wednesday,March,False,False,False
20240307,7,3,1,2024,10,Thursday,March,False,False,False
20240308,8,3,1,2024,10,Friday,March,False,False,False
20240309,9,3,1,2024,10,Saturday,March,True,False,False
20240310,10,3,1,2024,10,Sunday,March,True,False,True
20240311,11,3,1,2024,11,Monday,March,False,False,True
20240312,12,3,1,2024,11,Tuesday,March,False,False,True
20240313,13,3,1,2024,11,Wednesday,March,False,False,True
20240314,14,3,1,2024,11,Thursday,March,False,False,True
20240315,15,3,1,2024,11,Friday,March,False,False,True
20240316,16,3,1,2024,11,Saturday,March,True,False,True
20240317,17,3,1,2024,11,Sunday,March,True,False,True
20240318,18,3,1,2024,12,Monday,March,False,False,True
20240319,19,3,1,2024,12,Tuesday,March,False,False,True
20240320,20,3,1,2024,12,Wednesday,March,False,False,True
20240321,21,3,1,2024,12,Thursday,March,False,False,True
20240322,22,3,1,2024,12,Friday,March,False,False,True
20240323,23,3,1,2024,12,Saturday,March,True,False,True
20240324,24,3,1,2024,12,Sunday,March,True,False,True
20240325,25,3,1,2024,13,Monday,March,False,False,True
20240326,26,3,1,2024,13,Tuesday,March,False,False,True
20240327,27,3,1,2024,13,Wednesday,March,False,False,True
20240328,28,3,1,2024,13,Thursday,March,False,False,True
20240329,29,3,1,2024,13,Friday,March,False,False,True
20240330,30,3,1,2024,13,Saturday,March,True,False,True
20240331,31,3,1,2024,13,Sunday,March,True,False,True
20240401,1,4,2,2024,14,Monday,April,False,False,True
20240402,2,4,2,2024,14,Tuesday,April,False,False,True
20240403,3,4,2,2024,14,Wednesday,April,False,False,True
20240404,4,4,2,2024,14,Thursday,April,False,False,True
20240405,5,4,2,2024,14,Friday,April,False,False,True
20240406,6,4,2,2024,14,Saturday,April,True,False,True
20240407,7,4,2,2024,14,Sunday,April,True,False,True
20240408,8,4,2,2024,15,Monday,April,False,False,True
20240409,9,4,2,2024,15,Tuesday,April,False,False,True
20240410,10,4,2,2024,15,Wednesday,April,False,False,False
20240411,11,4,2,2024,15,Thursday,April,False,False,False
20240412,12,4,2,2024,15,Friday,April,False,False,False
20240413,13,4,2,2024,15,Saturday,April,True,False,False
20240414,14,4,2,2024,15,Sunday,April,True,False,False
20240415,15,4,2,2024,16,Monday,April,False,False,False
20240416,16,4,2,2024,16,Tuesday,April,False,False,False
20240417,17,4,2,2024,16,Wednesday,April,False,False,False
20240418,18,4,2,2024,16,Thursday,April,False,False,False
20240419,19,4,2,2024,16,Friday,April,False,False,False
20240420,20,4,2,2024,16,Saturday,April,True,False,False
20240421,21,4,2,2024,16,Sunday,April,True,False,False
20240422,22,4,2,2024,17,Monday,April,False,False,False
20240423,23,4,2,2024,17,Tuesday,April,False,False,False
20240424,24,4,2,2024,17,Wednesday,April,False,False,False
20240425,25,4,2,2024,17,Thursday,April,False,False,False
20240426,26,4,2,2024,17,Friday,April,False,False,False
20240427,27,4,2,2024,17,Saturday,April,True,False,False
20240428,28,4,2,2024,17,Sunday,April,True,False,False
20240429,29,4,2,2024,18,Monday,April,False,False,False
20240430,30,4,2,2024,18,Tuesday,April,False,False,False
20240501,1,5,2,2024,18,Wednesday,May,False,True,False
20240502,2,5,2,2024,18,Thursday,May,False,False,False
20240503,3,5,2,2024,18,Friday,May,False,False,False
20240504,4,5,2,2024,18,Saturday,May,True,False,False
20240505,5,5,2,2024,18,Sunday,May,True,False,False
20240506,6,5,2,2024,19,Monday,May,False,False,False
20240507,7,5,2,2024,19,Tuesday,May,False,False,False
20240508,8,5,2,2024,19,Wednesday,May,False,False,False
20240509,9,5,2,2024,19,Thursday,May,False,False,False
20240510,10,5,2,2024,19,Friday,May,False,False,False
20240511,11,5,2,2024,19,Saturday,May,True,False,False
20240512,12,5,2,2024,19,Sunday,May,True,False,False
20240513,13,5,2,2024,20,Monday,May,False,False,False
20240514,14,5,2,2024,20,Tuesday,May,False,False,False
20240515,15,5,2,2024,20,Wednesday,May,False,False,False
20240516,16,5,2,2024,20,Thursday,May,False,False,False
20240517,17,5,2,2024,20,Friday,May,False,False,False
20240518,18,5,2,2024,20,Saturday,May,True,False,False
20240519,19,5,2,2024,20,Sunday,May,True,False,False
20240520,20,5,2,2024,21,Monday,May,False,False,False
20240521,21,5,2,2024,21,Tuesday,May,False,False,False
20240522,22,5,2,2024,21,Wednesday,May,False,False,False
20240523,23,5,2,2024,21,Thursday,May,False,False,False
20240524,24,5,2,2024,21,Friday,May,False,False,False
20240525,25,5,2,2024,21,Saturday,May,True,False,False
20240526,26,5,2,2024,21,Sunday,May,True,False,False
20240527,27,5,2,2024,22,Monday,May,False,False,False
20240528,28,5,2,2024,22,Tuesday,May,False,False,False
20240529,29,5,2,2024,22,Wednesday,May,False,False,False
20240530,30,5,2,2024,22,Thursday,May,False,False,False
20240531,31,5,2,2024,22,Friday,May,False,False,False
20240601,1,6,2,2024,22,Saturday,June,True,False,False
20240602,2,6,2,2024,22,Sunday,June,True,False,False
20240603,3,6,2,2024,23,Monday,June,False,False,False
20240604,4,6,2,2024,23,Tuesday,June,False,False,False
20240605,5,6,2,2024,23,Wednesday,June,False,False,False
20240606,6,6,2,2024,23,Thursday,June,False,False,False
20240607,7,6,2,2024,23,Friday,June,False,False,False
20240608,8,6,2,2024,23,Saturday,June,True,False,False
20240609,9,6,2,2024,23,Sunday,June,True,False,False
20240610,10,6,2,2024,24,Monday,June,False,False,False
20240611,11,6,2,2024,24,Tuesday,June,False,False,False
20240612,12,6,2,2024,24,Wednesday,June,False,False,False
20240613,13,6,2,2024,24,Thursday,June,False,False,False
20240614,14,6,2,2024,24,Friday,June,False,False,False
20240615,15,6,2,2024,24,Saturday,June,True,False,False
20240616,16,6,2,2024,24,Sunday,June,True,False,False
20240617,17,6,2,2024,25,Monday,June,False,False,False
20240618,18,6,2,2024,25,Tuesday,June,False,False,False
20240619,19,6,2,2024,25,Wednesday,June,False,False,False
20240620,20,6,2,2024,25,Thursday,June,False,False,False
20240621,21,6,2,2024,25,Friday,June,False,False,False
20240622,22,6,2,2024,25,Saturday,June,True,False,False
20240623,23,6,2,2024,25,Sunday,June,True,False,False
20240624,24,6,2,2024,26,Monday,June,False,False,False
20240625,25,6,2,2024,26,Tuesday,June,False,False,False
20240626,26,6,2,2024,26,Wednesday,June,False,False,False
20240627,27,6,2,2024,26,Thursday,June,False,False,False
20240628,28,6,2,2024,26,Friday,June,False,False,False
20240629,29,6,2,2024,26,Saturday,June,True,False,False
20240630,30,6,2,2024,26,Sunday,June,True,False,False
20240701,1,7,3,2024,27,Monday,July,False,False,False
20240702,2,7,3,2024,27,Tuesday,July,False,False,False
20240703,3,7,3,2024,27,Wednesday,July,False,False,False
20240704,4,7,3,2024,27,Thursday,July,False,False,False
20240705,5,7,3,2024,27,Friday,July,False,False,False
20240706,6,7,3,2024,27,Saturday,July,True,False,False
20240707,7,7,3,2024,27,Sunday,July,True,False,False
20240708,8,7,3,2024,28,Monday,July,False,False,False
20240709,9,7,3,2024,28,Tuesday,July,False,False,False
20240710,10,7,3,2024,28,Wednesday,July,False,False,False
20240711,11,7,3,2024,28,Thursday,July,False,False,False
20240712,12,7,3,2024,28,Friday,July,False,False,False
20240713,13,7,3,2024,28,Saturday,July,True,False,False
20240714,14,7,3,2024,28,Sunday,July,True,False,False
20240715,15,7,3,2024,29,Monday,July,False,False,False
20240716,16,7,3,2024,29,Tuesday,July,False,False,False
20240717,17,7,3,2024,29,Wednesday,July,False,False,False
20240718,18,7,3,2024,29,Thursday,July,False,False,False
20240719,19,7,3,2024,29,Friday,July,False,False,False
20240720,20,7,3,2024,29,Saturday,July,True,False,False
20240721,21,7,3,2024,29,Sunday,July,True,False,False
20240722,22,7,3,2024,30,Monday,July,False,False,False
20240723,23,7,3,2024,30,Tuesday,July,False,False,False
20240724,24,7,3,2024,30,Wednesday,July,False,False,False
20240725,25,7,3,2024,30,Thursday,July,False,False,False
20240726,26,7,3,2024,30,Friday,July,False,False,False
20240727,27,7,3,2024,30,Saturday,July,True,False,False
20240728,28,7,3,2024,30,Sunday,July,True,False,False
20240729,29,7,3,2024,31,Monday,July,False,False,False
20240730,30,7,3,2024,31,Tuesday,July,False,True,False
20240731,31,7,3,2024,31,Wednesday,July,False,False,False
20240801,1,8,3,2024,31,Thursday,August,False,False,False
20240802,2,8,3,2024,31,Friday,August,False,False,False
20240803,3,8,3,2024,31,Saturday,August,True,False,False
20240804,4,8,3,2024,31,Sunday,August,True,False,False
20240805,5,8,3,2024,32,Monday,August,False,False,False
20240806,6,8,3,2024,32,Tuesday,August,False,False,False
20240807,7,8,3,2024,32,Wednesday,August,False,False,False
20240808,8,8,3,2024,32,Thursday,August,False,False,False
20240809,9,8,3,2024,32,Friday,August,False,False,False
20240810,10,8,3,2024,32,Saturday,August,True,False,False
20240811,11,8,3,2024,32,Sunday,August,True,False,False
20240812,12,8,3,2024,33,Monday,August,False,False,False
20240813,13,8,3,2024,33,Tuesday,August,False,False,False
20240814,14,8,3,2024,33,Wednesday,August,False,True,False
20240815,15,8,3,2024,33,Thursday,August,False,False,False
20240816,16,8,3,2024,33,Friday,August,False,False,False
20240817,17,8,3,2024,33,Saturday,August,True,False,False
20240818,18,8,3,2024,33,Sunday,August,True,False,False
20240819,19,8,3,2024,34,Monday,August,False,False,False
20240820,20,8,3,2024,34,Tuesday,August,False,True,False
20240821,21,8,3,2024,34,Wednesday,August,False,True,False
20240822,22,8,3,2024,34,Thursday,August,False,False,False
20240823,23,8,3,2024,34,Friday,August,False,False,False
20240824,24,8,3,2024,34,Saturday,August,True,False,False
20240825,25,8,3,2024,34,Sunday,August,True,False,False
20240826,26,8,3,2024,35,Monday,August,False,False,False
20240827,27,8,3,2024,35,Tuesday,August,False,False,False
20240828,28,8,3,2024,35,Wednesday,August,False,False,False
20240829,29,8,3,2024,35,Thursday,August,False,False,False
20240830,30,8,3,2024,35,Friday,August,False,False,False
20240831,31,8,3,2024,35,Saturday,August,True,False,False
20240901,1,9,3,2024,35,Sunday,September,True,False,False
20240902,2,9,3,2024,36,Monday,September,False,False,False
20240903,3,9,3,2024,36,Tuesday,September,False,False,False
20240904,4,9,3,2024,36,Wednesday,September,False,False,False
20240905,5,9,3,2024,36,Thursday,September,False,False,False
20240906,6,9,3,2024,36,Friday,September,False,False,False
20240907,7,9,3,2024,36,Saturday,September,True,False,False
20240908,8,9,3,2024,36,Sunday,September,True,False,False
20240909,9,9,3,2024,37,Monday,September,False,False,False
20240910,10,9,3,2024,37,Tuesday,September,False,False,False
20240911,11,9,3,2024,37,Wednesday,September,False,False,False
20240912,12,9,3,2024,37,Thursday,September,False,False,False
20240913,13,9,3,2024,37,Friday,September,False,False,False
20240914,14,9,3,2024,37,Saturday,September,True,False,False
20240915,15,9,3,2024,37,Sunday,September,True,False,False
20240916,16,9,3,2024,38,Monday,September,False,False,False
20240917,17,9,3,2024,38,Tuesday,September,False,False,False
20240918,18,9,3,2024,38,Wednesday,September,False,False,False
20240919,19,9,3,2024,38,Thursday,September,False,False,False
20240920,20,9,3,2024,38,Friday,September,False,False,False
20240921,21,9,3,2024,38,Saturday,September,True,False,False
20240922,22,9,3,2024,38,Sunday,September,True,False,False
20240923,23,9,3,2024,39,Monday,September,False,False,False
20240924,24,9,3,2024,39,Tuesday,September,False,False,False
20240925,25,9,3,2024,39,Wednesday,September,False,False,False
20240926,26,9,3,2024,39,Thursday,September,False,False,False
20240927,27,9,3,2024,39,Friday,September,False,False,False
20240928,28,9,3,2024,39,Saturday,September,True,False,False
20240929,29,9,3,2024,39,Sunday,September,True,False,False
20240930,30,9,3,2024,40,Monday,September,False,False,False
20241001,1,10,4,2024,40,Tuesday,October,False,False,False
20241002,2,10,4,2024,40,Wednesday,October,False,False,False
20241003,3,10,4,2024,40,Thursday,October,False,False,False
20241004,4,10,4,2024,40,Friday,October,False,False,False
20241005,5,10,4,2024,40,Saturday,October,True,False,False
20241006,6,10,4,2024,40,Sunday,October,True,False,False
20241007,7,10,4,2024,41,Monday,October,False,False,False
20241008,8,10,4,2024,41,Tuesday,October,False,False,False
20241009,9,10,4,2024,41,Wednesday,October,False,False,False
20241010,10,10,4,2024,41,Thursday,October,False,False,False
20241011,11,10,4,2024,41,Friday,October,False,False,False
20241012,12,10,4,2024,41,Saturday,October,True,False,False
20241013,13,10,4,2024,41,Sunday,October,True,False,False
20241014,14,10,4,2024,42,Monday,October,False,False,False
20241015,15,10,4,2024,42,Tuesday,October,False,False,False
20241016,16,10,4,2024,42,Wednesday,October,False,False,False
20241017,17,10,4,2024,42,Thursday,October,False,False,False
20241018,18,10,4,2024,42,Friday,October,False,False,False
20241019,19,10,4,2024,42,Saturday,October,True,False,False
20241020,20,10,4,2024,42,Sunday,October,True,False,False
20241021,21,10,4,2024,43,Monday,October,False,False,False
20241022,22,10,4,2024,43,Tuesday,October,False,False,False
20241023,23,10,4,2024,43,Wednesday,October,False,False,False
20241024,24,10,4,2024,43,Thursday,October,False,False,False
20241025,25,10,4,2024,43,Friday,October,False,False,False
20241026,26,10,4,2024,43,Saturday,October,True,False,False
20241027,27,10,4,2024,43,Sunday,October,True,False,False
20241028,28,10,4,2024,44,Monday,October,False,False,False
20241029,29,10,4,2024,44,Tuesday,October,False,False,False
20241030,30,10,4,2024,44,Wednesday,October,False,False,False
20241031,31,10,4,2024,44,Thursday,October,False,False,False
20241101,1,11,4,2024,44,Friday,November,False,False,False
20241102,2,11,4,2024,44,Saturday,November,True,False,False
20241103,3,11,4,2024,44,Sunday,November,True,False,False
20241104,4,11,4,2024,45,Monday,November,False,False,False
20241105,5,11,4,2024,45,Tuesday,November,False,False,False
20241106,6,11,4,2024,45,Wednesday,November,False,True,False
20241107,7,11,4,2024,45,Thursday,November,False,False,False
20241108,8,11,4,2024,45,Friday,November,False,False,False
20241109,9,11,4,2024,45,Saturday,November,True,False,False
20241110,10,11,4,2024,45,Sunday,November,True,False,False
20241111,11,11,4,2024,46,Monday,November,False,False,False
20241112,12,11,4,2024,46,Tuesday,November,False,False,False
20241113,13,11,4,2024,46,Wednesday,November,False,False,False
20241114,14,11,4,2024,46,Thursday,November,False,False,False
20241115,15,11,4,2024,46,Friday,November,False,False,False
20241116,16,11,4,2024,46,Saturday,November,True,False,False
20241117,17,11,4,2024,46,Sunday,November,True,False,False
20241118,18,11,4,2024,47,Monday,November,False,True,False
20241119,19,11,4,2024,47,Tuesday,November,False,False,False
20241120,20,11,4,2024,47,Wednesday,November,False,False,False
20241121,21,11,4,2024,47,Thursday,November,False,False,False
20241122,22,11,4,2024,47,Friday,November,False,False,False
20241123,23,11,4,2024,47,Saturday,November,True,False,False
20241124,24,11,4,2024,47,Sunday,November,True,False,False
20241125,25,11,4,2024,48,Monday,November,False,False,False
20241126,26,11,4,2024,48,Tuesday,November,False,False,False
20241127,27,11,4,2024,48,Wednesday,November,False,False,False
20241128,28,11,4,2024,48,Thursday,November,False,False,False
20241129,29,11,4,2024,48,Friday,November,False,False,False
20241130,30,11,4,2024,48,Saturday,November,True,False,False
20241201,1,12,4,2024,48,Sunday,December,True,False,False
20241202,2,12,4,2024,49,Monday,December,False,False,False
20241203,3,12,4,2024,49,Tuesday,December,False,False,False
20241204,4,12,4,2024,49,Wednesday,December,False,False,False
20241205,5,12,4,2024,49,Thursday,December,False,False,False
20241206,6,12,4,2024,49,Friday,December,False,False,False
20241207,7,12,4,2024,49,Saturday,December,True,False,False
20241208,8,12,4,2024,49,Sunday,December,True,False,False
20241209,9,12,4,2024,50,Monday,December,False,False,False
20241210,10,12,4,2024,50,Tuesday,December,False,False,False
20241211,11,12,4,2024,50,Wednesday,December,False,False,False
20241212,12,12,4,2024,50,Thursday,December,False,False,False
20241213,13,12,4,2024,50,Friday,December,False,False,False
20241214,14,12,4,2024,50,Saturday,December,True,False,False
20241215,15,12,4,2024,50,Sunday,December,True,False,False
20241216,16,12,4,2024,51,Monday,December,False,False,False
20241217,17,12,4,2024,51,Tuesday,December,False,False,False
20241218,18,12,4,2024,51,Wednesday,December,False,False,False
20241219,19,12,4,2024,51,Thursday,December,False,False,False
20241220,20,12,4,2024,51,Friday,December,False,False,False
20241221,21,12,4,2024,51,Saturday,December,True,False,False
20241222,22,12,4,2024,51,Sunday,December,True,False,False
20241223,23,12,4,2024,52,Monday,December,False,False,False
20241224,24,12,4,2024,52,Tuesday,December,False,False,False
20241225,25,12,4,2024,52,Wednesday,December,False,False,False
20241226,26,12,4,2024,52,Thursday,December,False,False,False
20241227,27,12,4,2024,52,Friday,December,False,False,False
20241228,28,12,4,2024,52,Saturday,December,True,False,False
20241229,29,12,4,2024,52,Sunday,December,True,False,False
20241230,30,12,4,2024,1,Monday,December,False,False,False
20241231,31,12,4,2024,1,Tuesday,December,False,False,False
20250101,1,1,1,2025,1,Wednesday,January,False,True,False
20250102,2,1,1,2025,1,Thursday,January,False,False,False
20250103,3,1,1,2025,1,Friday,January,False,False,False
20250104,4,1,1,2025,1,Saturday,January,True,False,False
20250105,5,1,1,2025,1,Sunday,January,True,False,False
20250106,6,1,1,2025,2,Monday,January,False,False,False
20250107,7,1,1,2025,2,Tuesday,January,False,False,False
20250108,8,1,1,2025,2,Wednesday,January,False,False,False
20250109,9,1,1,2025,2,Thursday,January,False,False,False
20250110,10,1,1,2025,2,Friday,January,False,False,False
20250111,11,1,1,2025,2,Saturday,January,True,True,False
20250112,12,1,1,2025,2,Sunday,January,True,False,False
20250113,13,1,1,2025,3,Monday,January,False,False,False
20250114,14,1,1,2025,3,Tuesday,January,False,False,False
20250115,15,1,1,2025,3,Wednesday,January,False,False,False
20250116,16,1,1,2025,3,Thursday,January,False,False,False
20250117,17,1,1,2025,3,Friday,January,False,False,False
20250118,18,1,1,2025,3,Saturday,January,True,False,False
20250119,19,1,1,2025,3,Sunday,January,True,False,False
20250120,20,1,1,2025,4,Monday,January,False,False,False
20250121,21,1,1,2025,4,Tuesday,January,False,False,False
20250122,22,1,1,2025,4,Wednesday,January,False,False,False
20250123,23,1,1,2025,4,Thursday,January,False,False,False
20250124,24,1,1,2025,4,Friday,January,False,False,False
20250125,25,1,1,2025,4,Saturday,January,True,False,False
20250126,26,1,1,2025,4,Sunday,January,True,False,False
20250127,27,1,1,2025,5,Monday,January,False,False,False
20250128,28,1,1,2025,5,Tuesday,January,False,False,False
20250129,29,1,1,2025,5,Wednesday,January,False,False,False
20250130,30,1,1,2025,5,Thursday,January,False,False,False
20250131,31,1,1,2025,5,Friday,January,False,False,False
20250201,1,2,1,2025,5,Saturday,February,True,False,False
20250202,2,2,1,2025,5,Sunday,February,True,False,False
20250203,3,2,1,2025,6,Monday,February,False,False,False
20250204,4,2,1,2025,6,Tuesday,February,False,False,False
20250205,5,2,1,2025,6,Wednesday,February,False,False,False
20250206,6,2,1,2025,6,Thursday,February,False,False,False
20250207,7,2,1,2025,6,Friday,February,False,False,False
20250208,8,2,1,2025,6,Saturday,February,True,False,False
20250209,9,2,1,2025,6,Sunday,February,True,False,False
20250210,10,2,1,2025,7,Monday,February,False,False,False
20250211,11,2,1,2025,7,Tuesday,February,False,False,False
20250212,12,2,1,2025,7,Wednesday,February,False,False,False
20250213,13,2,1,2025,7,Thursday,February,False,False,False
20250214,14,2,1,2025,7,Friday,February,False,False,False
20250215,15,2,1,2025,7,Saturday,February,True,False,False
20250216,16,2,1,2025,7,Sunday,February,True,False,False
20250217,17,2,1,2025,8,Monday,February,False,False,False
20250218,18,2,1,2025,8,Tuesday,February,False,False,False
20250219,19,2,1,2025,8,Wednesday,February,False,False,False
20250220,20,2,1,2025,8,Thursday,February,False,False,False
20250221,21,2,1,2025,8,Friday,February,False,False,False
20250222,22,2,1,2025,8,Saturday,February,True,False,False
20250223,23,2,1,2025,8,Sunday,February,True,False,False
20250224,24,2,1,2025,9,Monday,February,False,False,False
20250225,25,2,1,2025,9,Tuesday,February,False,False,False
20250226,26,2,1,2025,9,Wednesday,February,False,False,False
20250227,27,2,1,2025,9,Thursday,February,False,False,False
20250228,28,2,1,2025,9,Friday,February,False,False,True
20250301,1,3,1,2025,9,Saturday,March,True,False,True
20250302,2,3,1,2025,9,Sunday,March,True,False,True
20250303,3,3,1,2025,10,Monday,March,False,False,True
20250304,4,3,1,2025,10,Tuesday,March,False,False,True
20250305,5,3,1,2025,10,Wednesday,March,False,False,True
20250306,6,3,1,2025,10,Thursday,March,False,False,True
20250307,7,3,1,2025,10,Friday,March,False,False,True
20250308,8,3,1,2025,10,Saturday,March,True,False,True
20250309,9,3,1,2025,10,Sunday,March,True,False,True
20250310,10,3,1,2025,11,Monday,March,False,False,True
20250311,11,3,1,2025,11,Tuesday,March,False,False,True
20250312,12,3,1,2025,11,Wednesday,March,False,False,True
20250313,13,3,1,2025,11,Thursday,March,False,False,True
20250314,14,3,1,2025,11,Friday,March,False,False,True
20250315,15,3,1,2025,11,Saturday,March,True,False,True
20250316,16,3,1,2025,11,Sunday,March,True,False,True
20250317,17,3,1,2025,12,Monday,March,False,False,True
20250318,18,3,1,2025,12,Tuesday,March,False,False,True
20250319,19,3,1,2025,12,Wednesday,March,False,False,True
20250320,20,3,1,2025,12,Thursday,March,False,False,True
20250321,21,3,1,2025,12,Friday,March,False,False,True
20250322,22,3,1,2025,12,Saturday,March,True,False,True
20250323,23,3,1,2025,12,Sunday,March,True,False,True
20250324,24,3,1,2025,13,Monday,March,False,False,True
20250325,25,3,1,2025,13,Tuesday,March,False,False,True
20250326,26,3,1,2025,13,Wednesday,March,False,False,True
20250327,27,3,1,2025,13,Thursday,March,False,False,True
20250328,28,3,1,2025,13,Friday,March,False,False,True
20250329,29,3,1,2025,13,Saturday,March,True,False,True
20250330,30,3,1,2025,13,Sunday,March,True,False,False
20250331,31,3,1,2025,14,Monday,March,False,False,False
20250401,1,4,2,2025,14,Tuesday,April,False,False,False
20250402,2,4,2,2025,14,Wednesday,April,False,False,False
20250403,3,4,2,2025,14,Thursday,April,False,False,False
20250404,4,4,2,2025,14,Friday,April,False,False,False
20250405,5,4,2,2025,14,Saturday,April,True,False,False
20250406,6,4,2,2025,14,Sunday,April,True,False,False
20250407,7,4,2,2025,15,Monday,April,False,False,False
20250408,8,4,2,2025,15,Tuesday,April,False,False,False
20250409,9,4,2,2025,15,Wednesday,April,False,False,False
20250410,10,4,2,2025,15,Thursday,April,False,False,False
20250411,11,4,2,2025,15,Friday,April,False,False,False
20250412,12,4,2,2025,15,Saturday,April,True,False,False
20250413,13,4,2,2025,15,Sunday,April,True,False,False
20250414,14,4,2,2025,16,Monday,April,False,False,False
20250415,15,4,2,2025,16,Tuesday,April,False,False,False
20250416,16,4,2,2025,16,Wednesday,April,False,False,False
20250417,17,4,2,2025,16,Thursday,April,False,False,False
20250418,18,4,2,2025,16,Friday,April,False,False,False
20250419,19,4,2,2025,16,Saturday,April,True,False,False
20250420,20,4,2,2025,16,Sunday,April,True,False,False
20250421,21,4,2,2025,17,Monday,April,False,False,False
20250422,22,4,2,2025,17,Tuesday,April,False,False,False
20250423,23,4,2,2025,17,Wednesday,April,False,False,False
20250424,24,4,2,2025,17,Thursday,April,False,False,False
20250425,25,4,2,2025,17,Friday,April,False,False,False
20250426,26,4,2,2025,17,Saturday,April,True,False,False
20250427,27,4,2,2025,17,Sunday,April,True,False,False
20250428,28,4,2,2025,18,Monday,April,False,False,False
20250429,29,4,2,2025,18,Tuesday,April,False,False,False
20250430,30,4,2,2025,18,Wednesday,April,False,False,False
20250501,1,5,2,2025,18,Thursday,May,False,True,False
20250502,2,5,2,2025,18,Friday,May,False,False,False
20250503,3,5,2,2025,18,Saturday,May,True,False,False
20250504,4,5,2,2025,18,Sunday,May,True,False,False
20250505,5,5,2,2025,19,Monday,May,False,False,False
20250506,6,5,2,2025,19,Tuesday,May,False,False,False
20250507,7,5,2,2025,19,Wednesday,May,False,False,False
20250508,8,5,2,2025,19,Thursday,May,False,False,False
20250509,9,5,2,2025,19,Friday,May,False,False,False
20250510,10,5,2,2025,19,Saturday,May,True,False,False
20250511,11,5,2,2025,19,Sunday,May,True,False,False
20250512,12,5,2,2025,20,Monday,May,False,False,False
20250513,13,5,2,2025,20,Tuesday,May,False,False,False
20250514,14,5,2,2025,20,Wednesday,May,False,False,False
20250515,15,5,2,2025,20,Thursday,May,False,False,False
20250516,16,5,2,2025,20,Friday,May,False,False,False
20250517,17,5,2,2025,20,Saturday,May,True,False,False
20250518,18,5,2,2025,20,Sunday,May,True,False,False
20250519,19,5,2,2025,21,Monday,May,False,False,False
20250520,20,5,2,2025,21,Tuesday,May,False,False,False
20250521,21,5,2,2025,21,Wednesday,May,False,False,False
20250522,22,5,2,2025,21,Thursday,May,False,False,False
20250523,23,5,2,2025,21,Friday,May,False,False,False
20250524,24,5,2,2025,21,Saturday,May,True,False,False
20250525,25,5,2,2025,21,Sunday,May,True,False,False
20250526,26,5,2,2025,22,Monday,May,False,False,False
20250527,27,5,2,2025,22,Tuesday,May,False,False,False
20250528,28,5,2,2025,22,Wednesday,May,False,False,False
20250529,29,5,2,2025,22,Thursday,May,False,False,False
20250530,30,5,2,2025,22,Friday,May,False,False,False
20250531,31,5,2,2025,22,Saturday,May,True,False,False
20250601,1,6,2,2025,22,Sunday,June,True,False,False
20250602,2,6,2,2025,23,Monday,June,False,False,False
20250603,3,6,2,2025,23,Tuesday,June,False,False,False
20250604,4,6,2,2025,23,Wednesday,June,False,False,False
20250605,5,6,2,2025,23,Thursday,June,False,False,False
20250606,6,6,2,2025,23,Friday,June,False,False,False
20250607,7,6,2,2025,23,Saturday,June,True,False,False
20250608,8,6,2,2025,23,Sunday,June,True,False,False
20250609,9,6,2,2025,24,Monday,June,False,False,False
20250610,10,6,2,2025,24,Tuesday,June,False,False,False
20250611,11,6,2,2025,24,Wednesday,June,False,False,False
20250612,12,6,2,2025,24,Thursday,June,False,False,False
20250613,13,6,2,2025,24,Friday,June,False,False,False
20250614,14,6,2,2025,24,Saturday,June,True,False,False
20250615,15,6,2,2025,24,Sunday,June,True,False,False
20250616,16,6,2,2025,25,Monday,June,False,False,False
20250617,17,6,2,2025,25,Tuesday,June,False,False,False
20250618,18,6,2,2025,25,Wednesday,June,False,False,False
20250619,19,6,2,2025,25,Thursday,June,False,False,False
20250620,20,6,2,2025,25,Friday,June,False,False,False
20250621,21,6,2,2025,25,Saturday,June,True,False,False
20250622,22,6,2,2025,25,Sunday,June,True,False,False
20250623,23,6,2,2025,26,Monday,June,False,False,False
20250624,24,6,2,2025,26,Tuesday,June,False,False,False
20250625,25,6,2,2025,26,Wednesday,June,False,False,False
20250626,26,6,2,2025,26,Thursday,June,False,False,False
20250627,27,6,2,2025,26,Friday,June,False,False,False
20250628,28,6,2,2025,26,Saturday,June,True,False,False
20250629,29,6,2,2025,26,Sunday,June,True,False,False
20250630,30,6,2,2025,27,Monday,June,False,False,False
20250701,1,7,3,2025,27,Tuesday,July,False,False,False
20250702,2,7,3,2025,27,Wednesday,July,False,False,False
20250703,3,7,3,2025,27,Thursday,July,False,False,False
20250704,4,7,3,2025,27,Friday,July,False,False,False
20250705,5,7,3,2025,27,Saturday,July,True,False,False
20250706,6,7,3,2025,27,Sunday,July,True,False,False
20250707,7,7,3,2025,28,Monday,July,False,False,False
20250708,8,7,3,2025,28,Tuesday,July,False,False,False
20250709,9,7,3,2025,28,Wednesday,July,False,False,False
20250710,10,7,3,2025,28,Thursday,July,False,False,False
20250711,11,7,3,2025,28,Friday,July,False,False,False
20250712,12,7,3,2025,28,Saturday,July,True,False,False
20250713,13,7,3,2025,28,Sunday,July,True,False,False
20250714,14,7,3,2025,29,Monday,July,False,False,False
20250715,15,7,3,2025,29,Tuesday,July,False,False,False
20250716,16,7,3,2025,29,Wednesday,July,False,False,False
20250717,17,7,3,2025,29,Thursday,July,False,False,False
20250718,18,7,3,2025,29,Friday,July,False,False,False
20250719,19,7,3,2025,29,Saturday,July,True,False,False
20250720,20,7,3,2025,29,Sunday,July,True,False,False
20250721,21,7,3,2025,30,Monday,July,False,False,False
20250722,22,7,3,2025,30,Tuesday,July,False,False,False
20250723,23,7,3,2025,30,Wednesday,July,False,False,False
20250724,24,7,3,2025,30,Thursday,July,False,False,False
20250725,25,7,3,2025,30,Friday,July,False,False,False
20250726,26,7,3,2025,30,Saturday,July,True,False,False
20250727,27,7,3,2025,30,Sunday,July,True,False,False
20250728,28,7,3,2025,31,Monday,July,False,False,False
20250729,29,7,3,2025,31,Tuesday,July,False,False,False
20250730,30,7,3,2025,31,Wednesday,July,False,True,False
20250731,31,7,3,2025,31,Thursday,July,False,False,False
20250801,1,8,3,2025,31,Friday,August,False,False,False
20250802,2,8,3,2025,31,Saturday,August,True,False,False
20250803,3,8,3,2025,31,Sunday,August,True,False,False
20250804,4,8,3,2025,32,Monday,August,False,False,False
20250805,5,8,3,2025,32,Tuesday,August,False,False,False
20250806,6,8,3,2025,32,Wednesday,August,False,False,False
20250807,7,8,3,2025,32,Thursday,August,False,False,False
20250808,8,8,3,2025,32,Friday,August,False,False,False
20250809,9,8,3,2025,32,Saturday,August,True,False,False
20250810,10,8,3,2025,32,Sunday,August,True,False,False
20250811,11,8,3,2025,33,Monday,August,False,False,False
20250812,12,8,3,2025,33,Tuesday,August,False,False,False
20250813,13,8,3,2025,33,Wednesday,August,False,False,False
20250814,14,8,3,2025,33,Thursday,August,False,True,False
20250815,15,8,3,2025,33,Friday,August,False,False,False
20250816,16,8,3,2025,33,Saturday,August,True,False,False
20250817,17,8,3,2025,33,Sunday,August,True,False,False
20250818,18,8,3,2025,34,Monday,August,False,False,False
20250819,19,8,3,2025,34,Tuesday,August,False,False,False
20250820,20,8,3,2025,34,Wednesday,August,False,True,False
20250821,21,8,3,2025,34,Thursday,August,False,True,False
20250822,22,8,3,2025,34,Friday,August,False,False,False
20250823,23,8,3,2025,34,Saturday,August,True,False,False
20250824,24,8,3,2025,34,Sunday,August,True,False,False
20250825,25,8,3,2025,35,Monday,August,False,False,False
20250826,26,8,3,2025,35,Tuesday,August,False,False,False
20250827,27,8,3,2025,35,Wednesday,August,False,False,False
20250828,28,8,3,2025,35,Thursday,August,False,False,False
20250829,29,8,3,2025,35,Friday,August,False,False,False
20250830,30,8,3,2025,35,Saturday,August,True,False,False
20250831,31,8,3,2025,35,Sunday,August,True,False,False
20250901,1,9,3,2025,36,Monday,September,False,False,False
20250902,2,9,3,2025,36,Tuesday,September,False,False,False
20250903,3,9,3,2025,36,Wednesday,September,False,False,False
20250904,4,9,3,2025,36,Thursday,September,False,False,False
20250905,5,9,3,2025,36,Friday,September,False,False,False
20250906,6,9,3,2025,36,Saturday,September,True,False,False
20250907,7,9,3,2025,36,Sunday,September,True,False,False
20250908,8,9,3,2025,37,Monday,September,False,False,False
20250909,9,9,3,2025,37,Tuesday,September,False,False,False
20250910,10,9,3,2025,37,Wednesday,September,False,False,False
20250911,11,9,3,2025,37,Thursday,September,False,False,False
20250912,12,9,3,2025,37,Friday,September,False,False,False
20250913,13,9,3,2025,37,Saturday,September,True,False,False
20250914,14,9,3,2025,37,Sunday,September,True,False,False
20250915,15,9,3,2025,38,Monday,September,False,False,False
20250916,16,9,3,2025,38,Tuesday,September,False,False,False
20250917,17,9,3,2025,38,Wednesday,September,False,False,False
20250918,18,9,3,2025,38,Thursday,September,False,False,False
20250919,19,9,3,2025,38,Friday,September,False,False,False
20250920,20,9,3,2025,38,Saturday,September,True,False,False
20250921,21,9,3,2025,38,Sunday,September,True,False,False
20250922,22,9,3,2025,39,Monday,September,False,False,False
20250923,23,9,3,2025,39,Tuesday,September,False,False,False
20250924,24,9,3,2025,39,Wednesday,September,False,False,False
20250925,25,9,3,2025,39,Thursday,September,False,False,False
20250926,26,9,3,2025,39,Friday,September,False,False,False
20250927,27,9,3,2025,39,Saturday,September,True,False,False
20250928,28,9,3,2025,39,Sunday,September,True,False,False
20250929,29,9,3,2025,40,Monday,September,False,False,False
20250930,30,9,3,2025,40,Tuesday,September,False,False,False
20251001,1,10,4,2025,40,Wednesday,October,False,False,False
20251002,2,10,4,2025,40,Thursday,October,False,False,False
20251003,3,10,4,2025,40,Friday,October,False,False,False
20251004,4,10,4,2025,40,Saturday,October,True,False,False
20251005,5,10,4,2025,40,Sunday,October,True,False,False
20251006,6,10,4,2025,41,Monday,October,False,False,False
20251007,7,10,4,2025,41,Tuesday,October,False,False,False
20251008,8,10,4,2025,41,Wednesday,October,False,False,False
20251009,9,10,4,2025,41,Thursday,October,False,False,False
20251010,10,10,4,2025,41,Friday,October,False,False,False
20251011,11,10,4,2025,41,Saturday,October,True,False,False
20251012,12,10,4,2025,41,Sunday,October,True,False,False
20251013,13,10,4,2025,42,Monday,October,False,False,False
20251014,14,10,4,2025,42,Tuesday,October,False,False,False
20251015,15,10,4,2025,42,Wednesday,October,False,False,False
20251016,16,10,4,2025,42,Thursday,October,False,False,False
20251017,17,10,4,2025,42,Friday,October,False,False,False
20251018,18,10,4,2025,42,Saturday,October,True,False,False
20251019,19,10,4,2025,42,Sunday,October,True,False,False
20251020,20,10,4,2025,43,Monday,October,False,False,False
20251021,21,10,4,2025,43,Tuesday,October,False,False,False
20251022,22,10,4,2025,43,Wednesday,October,False,False,False
20251023,23,10,4,2025,43,Thursday,October,False,False,False
20251024,24,10,4,2025,43,Friday,October,False,False,False
20251025,25,10,4,2025,43,Saturday,October,True,False,False
20251026,26,10,4,2025,43,Sunday,October,True,False,False
20251027,27,10,4,2025,44,Monday,October,False,False,False
20251028,28,10,4,2025,44,Tuesday,October,False,False,False
20251029,29,10,4,2025,44,Wednesday,October,False,False,False
20251030,30,10,4,2025,44,Thursday,October,False,False,False
20251031,31,10,4,2025,44,Friday,October,False,False,False
20251101,1,11,4,2025,44,Saturday,November,True,False,False
20251102,2,11,4,2025,44,Sunday,November,True,False,False
20251103,3,11,4,2025,45,Monday,November,False,False,False
20251104,4,11,4,2025,45,Tuesday,November,False,False,False
20251105,5,11,4,2025,45,Wednesday,November,False,False,False
20251106,6,11,4,2025,45,Thursday,November,False,True,False
20251107,7,11,4,2025,45,Friday,November,False,False,False
20251108,8,11,4,2025,45,Saturday,November,True,False,False
20251109,9,11,4,2025,45,Sunday,November,True,False,False
20251110,10,11,4,2025,46,Monday,November,False,False,False
20251111,11,11,4,2025,46,Tuesday,November,False,False,False
20251112,12,11,4,2025,46,Wednesday,November,False,False,False
20251113,13,11,4,2025,46,Thursday,November,False,False,False
20251114,14,11,4,2025,46,Friday,November,False,False,False
20251115,15,11,4,2025,46,Saturday,November,True,False,False
20251116,16,11,4,2025,46,Sunday,November,True,False,False
20251117,17,11,4,2025,47,Monday,November,False,False,False
20251118,18,11,4,2025,47,Tuesday,November,False,True,False
20251119,19,11,4,2025,47,Wednesday,November,False,False,False
20251120,20,11,4,2025,47,Thursday,November,False,False,False
20251121,21,11,4,2025,47,Friday,November,False,False,False
20251122,22,11,4,2025,47,Saturday,November,True,False,False
20251123,23,11,4,2025,47,Sunday,November,True,False,False
20251124,24,11,4,2025,48,Monday,November,False,False,False
20251125,25,11,4,2025,48,Tuesday,November,False,False,False
20251126,26,11,4,2025,48,Wednesday,November,False,False,False
20251127,27,11,4,2025,48,Thursday,November,False,False,False
20251128,28,11,4,2025,48,Friday,November,False,False,False
20251129,29,11,4,2025,48,Saturday,November,True,False,False
20251130,30,11,4,2025,48,Sunday,November,True,False,False
20251201,1,12,4,2025,49,Monday,December,False,False,False
20251202,2,12,4,2025,49,Tuesday,December,False,False,False
20251203,3,12,4,2025,49,Wednesday,December,False,False,False
20251204,4,12,4,2025,49,Thursday,December,False,False,False
20251205,5,12,4,2025,49,Friday,December,False,False,False
20251206,6,12,4,2025,49,Saturday,December,True,False,False
20251207,7,12,4,2025,49,Sunday,December,True,False,False
20251208,8,12,4,2025,50,Monday,December,False,False,False
20251209,9,12,4,2025,50,Tuesday,December,False,False,False
20251210,10,12,4,2025,50,Wednesday,December,False,False,False
20251211,11,12,4,2025,50,Thursday,December,False,False,False
20251212,12,12,4,2025,50,Friday,December,False,False,False
20251213,13,12,4,2025,50,Saturday,December,True,False,False
20251214,14,12,4,2025,50,Sunday,December,True,False,False
20251215,15,12,4,2025,51,Monday,December,False,False,False
20251216,16,12,4,2025,51,Tuesday,December,False,False,False
20251217,17,12,4,2025,51,Wednesday,December,False,False,False
20251218,18,12,4,2025,51,Thursday,December,False,False,False
20251219,19,12,4,2025,51,Friday,December,False,False,False
20251220,20,12,4,2025,51,Saturday,December,True,False,False
20251221,21,12,4,2025,51,Sunday,December,True,False,False
20251222,22,12,4,2025,52,Monday,December,False,False,False
20251223,23,12,4,2025,52,Tuesday,December,False,False,False
20251224,24,12,4,2025,52,Wednesday,December,False,False,False
20251225,25,12,4,2025,52,Thursday,December,False,False,False
20251226,26,12,4,2025,52,Friday,December,False,False,False
20251227,27,12,4,2025,52,Saturday,December,True,False,False
20251228,28,12,4,2025,52,Sunday,December,True,False,False
20251229,29,12,4,2025,1,Monday,December,False,False,False
20251230,30,12,4,2025,1,Tuesday,December,False,False,False
20251231,31,12,4,2025,1,Wednesday,December,False,False,False
